{"cameraMode":{"drawMode":0,"name":"Shaded","section":"Shading Mode"},"sceneLighting":true,"audioPlay":false,"sceneViewState":{"showFog":true,"showMaterialUpdate":false,"showSkybox":true,"showFlares":true,"showImageEffects":true,"showParticleSystems":true},"in2DMode":false,"pivot":{"x":-0.20825156569480897,"y":0.37558722496032717,"z":3.801589012145996},"rotation":{"x":-0.1680956482887268,"y":0.002957328222692013,"z":-0.0005042848642915487,"w":-0.9857661724090576},"size":41.62672424316406,"orthographic":false}